epoch,num_r2i_pairs,num_i2r_pairs,num_common,num_specific,num_remain,mutual_match_ratio,r2i_pair_accuracy,i2r_pair_accuracy,common_accuracy,rgb_entropy_mean,ir_entropy_mean,rgb_margin_mean,ir_margin_mean,proto_common_mean,proto_specific_mean,proto_remain_mean
0,142,124,47,32,99,0.33098591549295775,0.3732394366197183,0.3467741935483871,0.5957446808510638,0.17003308491088964,0.18085551654863424,0.5666432981771526,0.5349934934331859,0.4523059738443253,0.2990252198651433,0.3325949123110434
1,151,132,59,32,95,0.39072847682119205,0.46357615894039733,0.4090909090909091,0.6610169491525424,0.1467521671800891,0.16222749668469363,0.6138254547992886,0.5886054623583754,0.5431020906416036,0.3838102538138628,0.3640299270027562
2,152,162,114,7,59,0.75,0.5526315789473685,0.4691358024691358,0.5964912280701754,0.9482350605232387,0.9341473378776372,0.08829354063613794,0.10680997348324998,0.698160655665816,0.39906964131764006,0.30670961384045875
3,154,167,134,4,42,0.8701298701298701,0.577922077922078,0.5449101796407185,0.6194029850746269,0.9406653337632352,0.9317155116491282,0.10523287082643579,0.11818015535979037,0.7246410806677235,0.25399933755397797,0.34927601402714137
4,162,178,148,1,37,0.9135802469135802,0.6049382716049383,0.5449438202247191,0.6081081081081081,0.9330319201323157,0.9312300007469541,0.12210199188727817,0.1228117699764197,0.7040754786214313,0.4483485221862793,0.30653214283488894
