epoch,num_r2i_pairs,num_i2r_pairs,num_common,num_specific,num_remain,mutual_match_ratio,r2i_pair_accuracy,i2r_pair_accuracy,common_accuracy,rgb_entropy_mean,ir_entropy_mean,rgb_margin_mean,ir_margin_mean,proto_common_mean,proto_specific_mean,proto_remain_mean
0,142,124,47,32,99,0.33098591549295775,0.3732394366197183,0.3467741935483871,0.5957446808510638,0.17003308491088964,0.18085551654863424,0.5666432981771526,0.5349934934331859,0.4523059738443253,0.2990252198651433,0.3325949123110434
1,151,132,59,32,95,0.39072847682119205,0.46357615894039733,0.4090909090909091,0.6610169491525424,0.1467521671800891,0.16222749668469363,0.6138254547992886,0.5886054623583754,0.5431020906416036,0.3838102538138628,0.3640299270027562
2,153,163,113,5,61,0.738562091503268,0.5359477124183006,0.4662576687116564,0.5929203539823009,0.9771414552702214,0.9720991631147008,0.046563441352117034,0.05559790392349707,0.7007602458506559,0.4083764851093292,0.30726035403423624
3,156,173,131,5,52,0.8397435897435898,0.5576923076923077,0.5433526011560693,0.6183206106870229,0.9747997283250817,0.9712938192773211,0.05397765964931524,0.06126939565966634,0.7263821081350778,0.2745023548603058,0.33326621926747835
4,165,177,150,2,32,0.9090909090909091,0.6,0.559322033898305,0.6133333333333333,0.9718026909664291,0.9707884195877791,0.06279239336395007,0.06411470773653451,0.7033828483025233,0.23852333426475525,0.30618032184429467
