epoch,num_r2i_pairs,num_i2r_pairs,num_common,num_specific,num_remain,mutual_match_ratio,r2i_pair_accuracy,i2r_pair_accuracy,common_accuracy,rgb_entropy_mean,ir_entropy_mean,rgb_margin_mean,ir_margin_mean,proto_common_mean,proto_specific_mean,proto_remain_mean
0,142,124,47,32,99,0.33098591549295775,0.3732394366197183,0.3467741935483871,0.5957446808510638,0.17003308491088964,0.18085551654863424,0.5666432981771526,0.5349934934331859,0.4523059738443253,0.2990252198651433,0.3325949123110434
1,151,132,59,32,95,0.39072847682119205,0.46357615894039733,0.4090909090909091,0.6610169491525424,0.1467521671800891,0.16222749668469363,0.6138254547992886,0.5886054623583754,0.5431020906416036,0.3838102538138628,0.3640299270027562
2,152,162,113,7,60,0.743421052631579,0.5460526315789473,0.4691358024691358,0.5929203539823009,0.9781291976999996,0.972486593792358,0.04592985059128005,0.05546036681142355,0.7007602458506559,0.39906964131764006,0.3083379030227661
3,156,171,135,2,46,0.8653846153846154,0.5833333333333334,0.543859649122807,0.6222222222222222,0.9751647702504742,0.97149641111661,0.0545656839328761,0.06090796544142393,0.7187249770870915,0.25573164969682693,0.3296336875013683
4,164,177,145,5,37,0.8841463414634146,0.6097560975609756,0.5423728813559322,0.6206896551724138,0.9723266252176842,0.9715527800544592,0.06278212441699316,0.06307388503339484,0.7144027882608874,0.41394105553627014,0.30297149556714137
